﻿<?xml version="1.0" encoding="utf-8"?>
<forms xmlns:xsi="http://www.w3.org/2001/XMLSchema-instance">
  <systemform>
    <formid>{ef42a659-917a-ea11-a811-000d3ab393dc}</formid>
    <IntroducedVersion>1.0.0.1</IntroducedVersion>
    <FormPresentation>1</FormPresentation>
    <FormActivationState>1</FormActivationState>
    <form showImage="true" headerdensity="HighWithControls">
      <ancestor id="{1fed44d1-ae68-4a41-bd2b-f13acac4acfa}" />
      <hiddencontrols>
        <data id="fullname" datafieldname="fullname" classid="{5546E6CD-394C-4bee-94A8-4425E17EF6C6}" />
        <data id="address1_addressid" datafieldname="address1_addressid" classid="{5546E6CD-394C-4bee-94A8-4425E17EF6C6}" />
        <data id="address2_addressid" datafieldname="address2_addressid" classid="{5546E6CD-394C-4bee-94A8-4425E17EF6C6}" />
      </hiddencontrols>
      <tabs>
        <tab name="SUMMARY_TAB" id="{15bb2d4b-71da-74ea-3c5b-e497d78a55a2}" IsUserDefined="0" showlabel="true" expanded="true" labelid="{a5bea4a0-2fc0-4359-a533-31bc81329108}">
          <labels>
            <label description="Summary" languagecode="1033" />
          </labels>
          <columns>
            <column width="33%">
              <sections>
                <section name="CONTACT_INFORMATION" showlabel="true" showbar="false" id="{9d943649-0387-1882-caa1-36de40d5a86c}" IsUserDefined="0" layout="varwidth" columns="1" labelwidth="115" celllabelposition="Left" labelid="{32fa0e2f-720d-4294-8bc3-0ceb1194bf35}">
                  <labels>
                    <label description="CONTACT INFORMATION" languagecode="1033" />
                  </labels>
                  <rows>
                    <row>
                      <cell id="{542e581d-cca1-5e40-e6d9-d67a9d1468b4}" showlabel="true" locklevel="0" labelid="{b6f5e8d7-279e-473f-afff-4cd343a992ce}">
                        <labels>
                          <label description="Full Name" languagecode="1033" />
                        </labels>
                        <control id="fullname" classid="{4273EDBD-AC1D-40d3-9FB2-095C621B552D}" datafieldname="fullname" disabled="false" />
                      </cell>
                    </row>
                    <row>
                      <cell id="{07326cde-7529-ddc0-e421-c0bcddd07b8a}" showlabel="true" labelid="{4567d27c-1f41-41d6-8e81-70405fedd7ac}">
                        <labels>
                          <label description="Job Title" languagecode="1033" />
                        </labels>
                        <control id="jobtitle" classid="{4273EDBD-AC1D-40d3-9FB2-095C621B552D}" datafieldname="jobtitle" disabled="false" />
                      </cell>
                    </row>
                    <row>
                      <cell id="{a54c19c9-4722-ce25-60c5-2bb9452680d2}" showlabel="true" locklevel="0" labelid="{53992788-ad63-44f9-960a-922ed2fe29e8}">
                        <labels>
                          <label description="Account Name" languagecode="1033" />
                        </labels>
                        <control id="parentcustomerid" classid="{270BD3DB-D9AF-4782-9025-509E298DEC0A}" datafieldname="parentcustomerid" disabled="false" />
                      </cell>
                    </row>
                    <row>
                      <cell id="{7d538a97-98eb-b438-72de-57a808b9a308}" showlabel="true" labelid="{20ec2855-50e2-43d6-a918-476444325179}">
                        <labels>
                          <label description="Email" languagecode="1033" />
                        </labels>
                        <control id="emailaddress1" classid="{ADA2203E-B4CD-49be-9DDF-234642B43B52}" datafieldname="emailaddress1" disabled="false" />
                      </cell>
                    </row>
                    <row>
                      <cell id="{215da2d0-2b64-3481-8d2d-16107d4d7e5b}" showlabel="true" labelid="{ac8245b7-c976-414c-b5f7-da154c113713}">
                        <labels>
                          <label description="Business Phone" languagecode="1033" />
                        </labels>
                        <control id="telephone1" classid="{4273EDBD-AC1D-40d3-9FB2-095C621B552D}" datafieldname="telephone1" disabled="false" />
                      </cell>
                    </row>
                    <row>
                      <cell id="{290b48ba-c0cc-7746-6dda-93e240e4cc78}" showlabel="true" labelid="{efd535dd-74af-44e2-a068-312c7fd94710}">
                        <labels>
                          <label description="Mobile Phone" languagecode="1033" />
                        </labels>
                        <control id="mobilephone" classid="{4273EDBD-AC1D-40d3-9FB2-095C621B552D}" datafieldname="mobilephone" disabled="false" />
                      </cell>
                    </row>
                    <row>
                      <cell id="{1b54cdb3-1582-c29e-cc9e-9d4bc2a5700b}" showlabel="true" labelid="{d404888d-b449-42fd-92f4-9c639e353216}">
                        <labels>
                          <label description="Fax" languagecode="1033" />
                        </labels>
                        <control id="fax" classid="{4273EDBD-AC1D-40d3-9FB2-095C621B552D}" datafieldname="fax" disabled="false" />
                      </cell>
                    </row>
                    <row>
                      <cell id="{408dda0b-48a7-c05c-e29a-56a93eb97172}" showlabel="true" labelid="{40eb79ab-3902-49bb-b52e-19c8afa43d0a}">
                        <labels>
                          <label description="Preferred Method of Contact" languagecode="1033" />
                        </labels>
                        <control id="preferredcontactmethodcode" classid="{3EF39988-22BB-4f0b-BBBE-64B5A3748AEE}" datafieldname="preferredcontactmethodcode" disabled="false" />
                      </cell>
                    </row>
                    <row>
                      <cell id="{133d09d6-c374-954a-315b-435e1eeb722c}" showlabel="true" locklevel="0" labelid="{2be7b63a-aa4e-4a36-addb-8a13caa9d2a6}">
                        <labels>
                          <label description="Address" languagecode="1033" />
                        </labels>
                        <control id="address1_composite" classid="{E0DECE4B-6FC8-4a8f-A065-082708572369}" datafieldname="address1_composite" disabled="false" />
                      </cell>
                    </row>
                  </rows>
                </section>
                <section name="MapSection" showlabel="false" showbar="false" id="{e0109668-cb5b-4b6c-8ca6-9d0c4b24f385}" IsUserDefined="0" layout="varwidth" columns="1" labelwidth="115" celllabelposition="Left" labelid="{eb2dafb0-74d9-449c-ac37-75fe493a3a98}">
                  <labels>
                    <label description="" languagecode="1033" />
                  </labels>
                  <rows>
                    <row>
                      <cell id="{4a07b010-3ae2-440c-adbd-7fe13249b0d7}" showlabel="false" rowspan="9" colspan="1" auto="false" labelid="{28eafdd2-3922-4c5e-bf4e-027b1c017d8b}">
                        <labels>
                          <label description="Map View" languagecode="1033" />
                        </labels>
                        <control id="mapcontrol" classid="{62B0DF79-0464-470F-8AF7-4483CFEA0C7D}">
                          <parameters>
                            <AddressField>address1_composite</AddressField>
                          </parameters>
                        </control>
                      </cell>
                    </row>
                    <row />
                    <row />
                    <row />
                    <row />
                    <row />
                    <row />
                    <row />
                    <row />
                  </rows>
                </section>
              </sections>
            </column>
            <column width="42%">
              <sections>
                <section name="SOCIAL_PANE_TAB" showlabel="false" showbar="false" id="{bea579b8-8901-77b0-1128-351760e68bd4}" IsUserDefined="0" layout="varwidth" columns="1" labelwidth="115" celllabelposition="Top" labelid="{acd18a7a-9128-415b-bcd2-26cd9b9fff66}">
                  <labels>
                    <label description="SOCIAL PANE" languagecode="1033" />
                  </labels>
                  <rows>
                    <row>
                      <cell id="{db701364-1d99-369c-c409-11d17878e513}" showlabel="false" rowspan="23" auto="false" colspan="1" labelid="{e161352a-9c6c-4f0b-b365-6aa9d33f33b0}">
                        <labels>
                          <label description="" languagecode="1033" />
                        </labels>
                        <control id="notescontrol" classid="{06375649-C143-495E-A496-C962E5B4488E}" disabled="false" />
                      </cell>
                    </row>
                    <row />
                    <row />
                    <row />
                    <row />
                    <row />
                    <row />
                    <row />
                    <row />
                    <row />
                    <row />
                    <row />
                    <row />
                    <row />
                    <row />
                    <row />
                    <row />
                    <row />
                    <row />
                    <row />
                    <row />
                    <row />
                    <row />
                  </rows>
                </section>
              </sections>
            </column>
            <column width="25%">
              <sections>
                <section name="Summary_section_6" showlabel="false" showbar="false" locklevel="0" id="{ea3bb0a6-b9dc-1b0e-5e7d-74a380ee79a3}" IsUserDefined="0" layout="varwidth" columns="1" labelwidth="115" labelid="{2d8ad6f8-7b44-4423-bac6-9db2b81964de}">
                  <labels>
                    <label description="Assistant" languagecode="1033" />
                  </labels>
                  <rows>
                    <row>
                      <cell id="{00CE0F9B-6162-4760-BE86-9353C6F9C06D}" showlabel="false" rowspan="6" auto="false" colspan="1" labelid="{d25a4b26-dba7-4cab-b2f6-3e9775cd0aae}">
                        <labels>
                          <label description="Assistant" languagecode="1033" />
                        </labels>
                        <control id="ActionCards" classid="{F9A8A302-114E-466A-B582-6771B2AE0D92}" uniqueid="{3ff9a528-dd50-4aca-8f10-2e5ed73513ad}" disabled="false">
                          <parameters>
                            <ViewId>{92AFD454-0F2E-4397-A1C8-05E37C6AD699}</ViewId>
                            <IsUserView>false</IsUserView>
                            <RelationshipName />
                            <TargetEntityType>actioncard</TargetEntityType>
                            <AutoExpand>Fixed</AutoExpand>
                            <EnableViewPicker>false</EnableViewPicker>
                            <EnableJumpBar>false</EnableJumpBar>
                            <ChartGridMode>All</ChartGridMode>
                            <VisualizationId />
                            <IsUserChart>false</IsUserChart>
                            <EnableChartPicker>false</EnableChartPicker>
                            <RecordsPerPage>4</RecordsPerPage>
                          </parameters>
                        </control>
                      </cell>
                    </row>
                    <row />
                    <row />
                    <row />
                    <row />
                    <row />
                  </rows>
                </section>
                <section name="network_view" id="8eeaa73d-6cd0-43a0-811b-54c607c248d5" IsUserDefined="0" locklevel="0" showlabel="false" showbar="false" layout="varwidth" celllabelalignment="Left" celllabelposition="Left" columns="1" labelwidth="115" labelid="{aa961432-9164-4052-8429-69c5d965f887}">
                  <labels>
                    <label description="Network View" languagecode="1033" />
                  </labels>
                  <rows>
                    <row>
                      <cell id="{11bbc138-1276-e0b2-7300-99809277db0a}" showlabel="false" locklevel="0" labelid="{5ed21fb5-5d81-40df-8086-6fd16efb0fde}">
                        <labels>
                          <label description="Last Name" languagecode="1033" />
                        </labels>
                        <control id="lastname" classid="{F9A8A302-114E-466A-B582-6771B2AE0D92}" datafieldname="lastname" disabled="false" uniqueid="{aed13e93-8927-e7e5-cd2a-89788a624929}" />
                      </cell>
                    </row>
                  </rows>
                </section>
              </sections>
            </column>
          </columns>
        </tab>
        <tab name="DETAILS_TAB" id="{fe1c5c3b-d556-4552-a444-4781214a6d63}" IsUserDefined="0" expanded="true" showlabel="true" labelid="{16043f89-cbbd-49ec-976f-6722037f7f95}">
          <labels>
            <label description="Details" languagecode="1033" />
          </labels>
          <columns>
            <column width="34%">
              <sections>
                <section name="PERSONAL INFORMATION" showlabel="true" showbar="false" id="{0F64B9A3-01F2-4411-B0B5-6C6C39D7B011}" IsUserDefined="0" columns="1" labelwidth="115" celllabelposition="Left" labelid="{7d1b395b-553d-41cd-8ef1-4296cf0397c0}">
                  <labels>
                    <label description="PERSONAL" languagecode="1033" />
                  </labels>
                  <rows>
                    <row>
                      <cell id="{cb391eb8-02ec-0ee6-9d92-6996d4311809}" showlabel="true" labelid="{e80d7df1-73dd-4097-b588-4e62f5533ade}">
                        <labels>
                          <label description="Gender" languagecode="1033" />
                        </labels>
                        <control id="gendercode" classid="{3EF39988-22BB-4f0b-BBBE-64B5A3748AEE}" datafieldname="gendercode" disabled="false" />
                      </cell>
                    </row>
                    <row>
                      <cell id="{2d8cee50-7123-01e7-c2cc-0068c0ecc4c0}" showlabel="true" labelid="{7a67dccf-b175-470d-82a6-f1d40c72ac39}">
                        <labels>
                          <label description="Marital Status" languagecode="1033" />
                        </labels>
                        <control id="familystatuscode" classid="{3EF39988-22BB-4f0b-BBBE-64B5A3748AEE}" datafieldname="familystatuscode" disabled="false" />
                      </cell>
                    </row>
                    <row>
                      <cell id="{450c5a59-c7de-1289-0934-9a04bc4e1c72}" showlabel="true" labelid="{78887fd2-6f32-4bb8-9c7c-cb06f2a0806d}">
                        <labels>
                          <label description="Spouse/Partner Name" languagecode="1033" />
                        </labels>
                        <control id="spousesname" classid="{4273EDBD-AC1D-40d3-9FB2-095C621B552D}" datafieldname="spousesname" disabled="false" />
                      </cell>
                    </row>
                    <row>
                      <cell id="{bac50a31-27a0-c7e2-3ab3-5d6aa8895c6e}" showlabel="true" labelid="{90d8ec93-195f-4c2a-8fa2-5292f24ccef7}">
                        <labels>
                          <label description="Birthday" languagecode="1033" />
                        </labels>
                        <control id="birthdate" classid="{5B773807-9FB2-42db-97C3-7A91EFF8ADFF}" datafieldname="birthdate" disabled="false" />
                      </cell>
                    </row>
                    <row>
                      <cell id="{ba714204-2499-db47-78e0-d8795307301d}" showlabel="true" labelid="{45bff97f-0542-45f3-9653-94b225e8b80e}">
                        <labels>
                          <label description="Anniversary" languagecode="1033" />
                        </labels>
                        <control id="anniversary" classid="{5B773807-9FB2-42db-97C3-7A91EFF8ADFF}" datafieldname="anniversary" disabled="false" />
                      </cell>
                    </row>
                  </rows>
                </section>
                <section name="PERSONAL_NOTES_SECTION" showlabel="true" showbar="false" locklevel="0" id="{9435d60e-c5ac-2462-a159-414573dc2e45}" IsUserDefined="0" layout="varwidth" columns="1" labelwidth="115" celllabelalignment="Left" celllabelposition="Top" labelid="{8d7a6a47-73f3-447b-8dd8-3a92afabbacf}">
                  <labels>
                    <label description="PERSONAL NOTES" languagecode="1033" />
                  </labels>
                  <rows>
                    <row>
                      <cell id="{d0c6aad7-7064-924e-b0e0-718dc557ccee}" showlabel="false" locklevel="0" rowspan="5" labelid="{9a3f5799-f2b3-4de6-8026-74a97d64a082}">
                        <labels>
                          <label description="Description" languagecode="1033" />
                        </labels>
                        <control id="description" classid="{E0DECE4B-6FC8-4a8f-A065-082708572369}" datafieldname="description" disabled="false" />
                      </cell>
                    </row>
                    <row />
                    <row />
                    <row />
                    <row />
                  </rows>
                </section>
              </sections>
            </column>
            <column width="33%">
              <sections>
                <section name="CONTACT_PREFERENCES" showlabel="true" showbar="false" id="{42aa148d-17fa-4c73-8213-bd22400b74ea}" IsUserDefined="0" columns="1" labelwidth="115" celllabelposition="Left" labelid="{dbc0e3a9-ea7f-4093-83c7-dac80edea031}">
                  <labels>
                    <label description="CONTACT PREFERENCES" languagecode="1033" />
                  </labels>
                  <rows>
                    <row>
                      <cell id="{d4ec2d52-6658-cee9-4a2a-7a8029ad1862}" showlabel="true" locklevel="0" labelid="{6e382106-f9a7-4c57-b9b3-3e3b22d67e04}">
                        <labels>
                          <label description="Contact Method" languagecode="1033" />
                        </labels>
                        <control id="preferredcontactmethodcode" classid="{3EF39988-22BB-4f0b-BBBE-64B5A3748AEE}" datafieldname="preferredcontactmethodcode" disabled="false" />
                      </cell>
                    </row>
                    <row>
                      <cell id="{f0b4951b-b5ec-4103-b69d-7ac2ad176ee4}" labelid="{418f85ec-79e7-46e0-aa2f-fa355fdb0720}">
                        <labels>
                          <label description="Email" languagecode="1033" />
                        </labels>
                        <control id="donotemail" classid="{67FAC785-CD58-4f9f-ABB3-4B7DDC6ED5ED}" datafieldname="donotemail" />
                      </cell>
                    </row>
                    <row>
                      <cell id="{2344e926-ebe5-43a9-a634-98a98b1b9267}" labelid="{6fd0b672-6e33-4b04-9dd3-1f2db15a1434}">
                        <labels>
                          <label description="Follow Email" languagecode="1033" />
                        </labels>
                        <control id="followemail" classid="{67FAC785-CD58-4f9f-ABB3-4B7DDC6ED5ED}" datafieldname="followemail" />
                      </cell>
                    </row>
                    <row>
                      <cell id="{041968bd-14fe-486a-baa0-719e7691e6ee}" labelid="{4ad37bac-45d2-441d-9b04-eef8d6e87cdd}">
                        <labels>
                          <label description="Bulk Email" languagecode="1033" />
                        </labels>
                        <control id="donotbulkemail" classid="{67FAC785-CD58-4f9f-ABB3-4B7DDC6ED5ED}" datafieldname="donotbulkemail" />
                      </cell>
                    </row>
                    <row>
                      <cell id="{569cf3bd-3b14-46d8-a03a-22e6317d1d41}" labelid="{ec137836-9a7e-4d1c-b639-966b58780442}">
                        <labels>
                          <label description="Phone" languagecode="1033" />
                        </labels>
                        <control id="donotphone" classid="{67FAC785-CD58-4f9f-ABB3-4B7DDC6ED5ED}" datafieldname="donotphone" />
                      </cell>
                    </row>
                    <row>
                      <cell id="{28d804f2-b314-42f6-92f8-982f4929bd6f}" labelid="{000567f6-2baa-4b5a-a4b5-b2329aefe40d}">
                        <labels>
                          <label description="Fax" languagecode="1033" />
                        </labels>
                        <control id="donotfax" classid="{67FAC785-CD58-4f9f-ABB3-4B7DDC6ED5ED}" datafieldname="donotfax" />
                      </cell>
                    </row>
                    <row>
                      <cell id="{dfe9aafd-1acc-488d-b31e-feef6f63a34d}" labelid="{886ac373-3e9d-4e4c-a806-dd5673acfc0a}">
                        <labels>
                          <label description="Mail" languagecode="1033" />
                        </labels>
                        <control id="donotpostalmail" classid="{67FAC785-CD58-4f9f-ABB3-4B7DDC6ED5ED}" datafieldname="donotpostalmail" />
                      </cell>
                    </row>
                  </rows>
                </section>
              </sections>
            </column>
            <column width="33%">
              <sections>
                <section name="billing information" showlabel="true" showbar="false" id="{4565ac06-d780-4467-9baa-d03d6af45ae7}" IsUserDefined="0" columns="1" labelwidth="115" celllabelposition="Left" labelid="{f4292e4b-3d21-4af2-99b6-69b1a0cd6b58}">
                  <labels>
                    <label description="BILLING" languagecode="1033" />
                  </labels>
                  <rows>
                    <row>
                      <cell id="{4e7b2783-1a45-4a13-bfd6-e12915e74161}" labelid="{92581f35-43cf-4268-8933-ff010f073f06}">
                        <labels>
                          <label description="Currency" languagecode="1033" />
                        </labels>
                        <control id="transactioncurrencyid" classid="{270BD3DB-D9AF-4782-9025-509E298DEC0A}" datafieldname="transactioncurrencyid" />
                      </cell>
                    </row>
                    <row>
                      <cell id="{6b03860a-a677-48f1-bfdc-a04faf8b151c}" labelid="{e69fc85b-15d7-4aa5-962f-b8a2237484ae}">
                        <labels>
                          <label description="Credit Limit" languagecode="1033" />
                        </labels>
                        <control id="creditlimit" classid="{533B9E00-756B-4312-95A0-DC888637AC78}" datafieldname="creditlimit" />
                      </cell>
                    </row>
                    <row>
                      <cell id="{64e56163-0a77-46c9-9872-50b94d661d96}" labelid="{8a164bdb-4f20-461d-9da5-c0ff3dfc80af}">
                        <labels>
                          <label description="Credit Hold" languagecode="1033" />
                        </labels>
                        <control id="creditonhold" classid="{67FAC785-CD58-4f9f-ABB3-4B7DDC6ED5ED}" datafieldname="creditonhold" />
                      </cell>
                    </row>
                    <row>
                      <cell id="{9980090e-c75b-4bc9-834f-63ba6e3a93f2}" labelid="{1822b1a0-8dc4-4ad1-a3cb-e066dd9ead6f}">
                        <labels>
                          <label description="Payment Terms" languagecode="1033" />
                        </labels>
                        <control id="paymenttermscode" classid="{3EF39988-22BB-4f0b-BBBE-64B5A3748AEE}" datafieldname="paymenttermscode" />
                      </cell>
                    </row>
                  </rows>
                </section>
                <section name="shipping information" showlabel="true" showbar="false" id="{19e024e7-16f7-40c6-a1d6-e8672a639011}" IsUserDefined="0" columns="1" labelwidth="115" celllabelposition="Left" labelid="{3c36c6bf-a053-4d58-bd8e-02de2dcafaaf}">
                  <labels>
                    <label description="SHIPPING" languagecode="1033" />
                  </labels>
                  <rows>
                    <row>
                      <cell id="{aa10fd1b-42f6-4e26-b42c-6ab4effc54d0}" labelid="{a4befd48-91c4-46ce-b67c-fe0feed79c5d}">
                        <labels>
                          <label description="Shipping Method" languagecode="1033" />
                        </labels>
                        <control id="address1_shippingmethodcode" classid="{3EF39988-22BB-4f0b-BBBE-64B5A3748AEE}" datafieldname="address1_shippingmethodcode" />
                      </cell>
                    </row>
                    <row>
                      <cell id="{bbb8d9cb-6c80-47f2-885b-d4a5d6384c07}" labelid="{91907178-b3db-4f22-b53b-dc72e7da4195}">
                        <labels>
                          <label description="Freight Terms" languagecode="1033" />
                        </labels>
                        <control id="address1_freighttermscode" classid="{3EF39988-22BB-4f0b-BBBE-64B5A3748AEE}" datafieldname="address1_freighttermscode" />
                      </cell>
                    </row>
                  </rows>
                </section>
              </sections>
            </column>
          </columns>
        </tab>
      </tabs>
      <header id="{3ff9aa06-4e43-41ce-afa9-22a038af5c19}" celllabelposition="Top" columns="1" labelwidth="115">
        <rows>
          <row>
            <cell id="{24be01cc-16a6-8eea-8916-42d20a1097ae}" showlabel="true" locklevel="1" labelid="{656d360e-4927-4fce-8eae-5617b66ea796}">
              <labels>
                <label description="Owner" languagecode="1033" />
              </labels>
              <control id="header_ownerid" classid="{270BD3DB-D9AF-4782-9025-509E298DEC0A}" datafieldname="ownerid" />
            </cell>
          </row>
        </rows>
      </header>
      <clientresources>
        <internalresources>
          <clientincludes>
            <internaljscriptfile src="$webresource:AppCommon/Contact/Contact_main_system_library.js" />
          </clientincludes>
        </internalresources>
      </clientresources>
      <events>
        <event name="onload" application="true" active="true">
          <InternalHandlers>
            <Handler functionName="AppCommon.Contact.Instance.form_onload" libraryName="AppCommon/Contact/Contact_main_system_library.js" handlerUniqueId="4ea24ebd-795d-434e-af94-6812c3867b54" enabled="true" />
          </InternalHandlers>
        </event>
      </events>
      <Navigation>
        <NavBar>
          <NavBarByRelationshipItem RelationshipName="Contact_CustomerAddress" Id="navAddresses" Sequence="10" Area="Info" Show="false">
            <Privileges>
              <Privilege Entity="" Privilege="ReadActivity" />
            </Privileges>
            <Titles>
              <Title LCID="1033" Text="Addresses" />
              <Title LCID="1025" Text="العناوين" />
              <Title LCID="1026" Text="Адреси" />
              <Title LCID="1027" Text="Adreces" />
              <Title LCID="1029" Text="Adresy" />
              <Title LCID="1030" Text="Adresser" />
              <Title LCID="1031" Text="Adressen" />
              <Title LCID="1032" Text="Διευθύνσεις" />
              <Title LCID="3082" Text="Direcciones" />
              <Title LCID="1061" Text="Aadressid" />
              <Title LCID="1069" Text="Helbideak" />
              <Title LCID="1035" Text="Osoitteet" />
              <Title LCID="1036" Text="Adresses" />
              <Title LCID="1110" Text="Enderezos" />
              <Title LCID="1037" Text="כתובות" />
              <Title LCID="1081" Text="पते" />
              <Title LCID="1050" Text="Adrese" />
              <Title LCID="1038" Text="Címek" />
              <Title LCID="1057" Text="Alamat" />
              <Title LCID="1040" Text="Indirizzi" />
              <Title LCID="1041" Text="住所" />
              <Title LCID="1087" Text="Мекенжайлар" />
              <Title LCID="1042" Text="주소" />
              <Title LCID="1063" Text="Adresai" />
              <Title LCID="1062" Text="Adreses" />
              <Title LCID="1086" Text="Alamat" />
              <Title LCID="1044" Text="Adresser" />
              <Title LCID="1043" Text="Adressen" />
              <Title LCID="1045" Text="Adresy" />
              <Title LCID="1046" Text="Endereços" />
              <Title LCID="2070" Text="Endereços" />
              <Title LCID="1048" Text="Adrese" />
              <Title LCID="1049" Text="Адреса" />
              <Title LCID="1051" Text="Adresy" />
              <Title LCID="1060" Text="Naslovi" />
              <Title LCID="10266" Text="Адресе" />
              <Title LCID="9242" Text="Adrese" />
              <Title LCID="1053" Text="Adresser" />
              <Title LCID="1054" Text="ที่อยู่" />
              <Title LCID="1055" Text="Adresler" />
              <Title LCID="1058" Text="Адреси" />
              <Title LCID="1066" Text="Địa chỉ" />
              <Title LCID="2052" Text="地址" />
              <Title LCID="3076" Text="地址" />
              <Title LCID="1028" Text="地址" />
            </Titles>
          </NavBarByRelationshipItem>
          <NavBarByRelationshipItem RelationshipName="contact_customer_contacts" Id="navSubConts" Sequence="10" Area="Info" Show="false">
            <Privileges>
              <Privilege Entity="" Privilege="ReadActivity" />
            </Privileges>
            <Titles>
              <Title LCID="1033" Text="Contacts" />
              <Title LCID="1025" Text="جهات الاتصال" />
              <Title LCID="1026" Text="Контакти" />
              <Title LCID="1027" Text="Contactes" />
              <Title LCID="1029" Text="Kontakty" />
              <Title LCID="1030" Text="Kontakter" />
              <Title LCID="1031" Text="Kontakte" />
              <Title LCID="1032" Text="Επαφές" />
              <Title LCID="3082" Text="Contactos" />
              <Title LCID="1061" Text="Kontaktid" />
              <Title LCID="1069" Text="Kontaktuak" />
              <Title LCID="1035" Text="Yhteyshenkilöt" />
              <Title LCID="1036" Text="Contacts" />
              <Title LCID="1110" Text="Contactos" />
              <Title LCID="1037" Text="אנשי קשר" />
              <Title LCID="1081" Text="संपर्क" />
              <Title LCID="1050" Text="Kontakti" />
              <Title LCID="1038" Text="Kapcsolattartók" />
              <Title LCID="1057" Text="Kontak" />
              <Title LCID="1040" Text="Contatti" />
              <Title LCID="1041" Text="取引先担当者" />
              <Title LCID="1087" Text="Контактілер" />
              <Title LCID="1042" Text="연락처" />
              <Title LCID="1063" Text="Kontaktai" />
              <Title LCID="1062" Text="Kontaktpersonas" />
              <Title LCID="1086" Text="Kenalan" />
              <Title LCID="1044" Text="Kontakter" />
              <Title LCID="1043" Text="Contactpersonen" />
              <Title LCID="1045" Text="Kontakty" />
              <Title LCID="1046" Text="Contatos" />
              <Title LCID="2070" Text="Contactos" />
              <Title LCID="1048" Text="Persoane de contact" />
              <Title LCID="1049" Text="Контакты" />
              <Title LCID="1051" Text="Kontakty" />
              <Title LCID="1060" Text="Stiki" />
              <Title LCID="10266" Text="Контакти" />
              <Title LCID="9242" Text="Kontakti" />
              <Title LCID="1053" Text="Kontakter" />
              <Title LCID="1054" Text="ผู้ติดต่อ" />
              <Title LCID="1055" Text="İlgili Kişiler" />
              <Title LCID="1058" Text="Контактні особи" />
              <Title LCID="1066" Text="Người liên hệ" />
              <Title LCID="2052" Text="联系人" />
              <Title LCID="3076" Text="連絡人" />
              <Title LCID="1028" Text="連絡人" />
            </Titles>
          </NavBarByRelationshipItem>
          <NavBarByRelationshipItem RelationshipName="contact_customer_relationship_customer" Id="navRelationships" Sequence="10" Area="Info" Show="false">
            <Privileges>
              <Privilege Entity="" Privilege="ReadActivity" />
            </Privileges>
            <Titles>
              <Title LCID="1033" Text="CustomerRelationship" />
              <Title LCID="1025" Text="CustomerRelationship" />
              <Title LCID="1026" Text="CustomerRelationship" />
              <Title LCID="1027" Text="CustomerRelationship" />
              <Title LCID="1029" Text="CustomerRelationship" />
              <Title LCID="1030" Text="CustomerRelationship" />
              <Title LCID="1031" Text="CustomerRelationship" />
              <Title LCID="1032" Text="CustomerRelationship" />
              <Title LCID="3082" Text="CustomerRelationship" />
              <Title LCID="1061" Text="CustomerRelationship" />
              <Title LCID="1069" Text="CustomerRelationship" />
              <Title LCID="1035" Text="CustomerRelationship" />
              <Title LCID="1036" Text="CustomerRelationship" />
              <Title LCID="1110" Text="CustomerRelationship" />
              <Title LCID="1037" Text="CustomerRelationship" />
              <Title LCID="1081" Text="CustomerRelationship" />
              <Title LCID="1050" Text="CustomerRelationship" />
              <Title LCID="1038" Text="CustomerRelationship" />
              <Title LCID="1057" Text="CustomerRelationship" />
              <Title LCID="1040" Text="CustomerRelationship" />
              <Title LCID="1041" Text="CustomerRelationship" />
              <Title LCID="1087" Text="CustomerRelationship" />
              <Title LCID="1042" Text="CustomerRelationship" />
              <Title LCID="1063" Text="CustomerRelationship" />
              <Title LCID="1062" Text="CustomerRelationship" />
              <Title LCID="1086" Text="CustomerRelationship" />
              <Title LCID="1044" Text="CustomerRelationship" />
              <Title LCID="1043" Text="CustomerRelationship" />
              <Title LCID="1045" Text="CustomerRelationship" />
              <Title LCID="1046" Text="CustomerRelationship" />
              <Title LCID="2070" Text="CustomerRelationship" />
              <Title LCID="1048" Text="CustomerRelationship" />
              <Title LCID="1049" Text="CustomerRelationship" />
              <Title LCID="1051" Text="CustomerRelationship" />
              <Title LCID="1060" Text="CustomerRelationship" />
              <Title LCID="10266" Text="CustomerRelationship" />
              <Title LCID="9242" Text="CustomerRelationship" />
              <Title LCID="1053" Text="CustomerRelationship" />
              <Title LCID="1054" Text="CustomerRelationship" />
              <Title LCID="1055" Text="CustomerRelationship" />
              <Title LCID="1058" Text="CustomerRelationship" />
              <Title LCID="1066" Text="CustomerRelationship" />
              <Title LCID="2052" Text="CustomerRelationship" />
              <Title LCID="3076" Text="CustomerRelationship" />
              <Title LCID="1028" Text="CustomerRelationship" />
            </Titles>
          </NavBarByRelationshipItem>
          <NavBarByRelationshipItem RelationshipName="hardcoded_{B7196B13-6B9D-42CD-BD58-B19A3953126F}navAsyncOperations" Sequence="9500" Area="ProcessCenter" Id="navAsyncOperations" Show="false">
            <Titles>
              <Title LCID="1033" Text="Workflows" />
              <Title LCID="1025" Text="عمليات سير العمل" />
              <Title LCID="1026" Text="Работни потоци" />
              <Title LCID="1027" Text="Fluxos de treball" />
              <Title LCID="1029" Text="Pracovní postupy" />
              <Title LCID="1030" Text="Arbejdsprocesser" />
              <Title LCID="1031" Text="Workflows" />
              <Title LCID="1032" Text="Ροές εργασιών" />
              <Title LCID="3082" Text="Flujos de trabajo" />
              <Title LCID="1061" Text="Töövood" />
              <Title LCID="1069" Text="Lan-fluxuak" />
              <Title LCID="1035" Text="Työnkulut" />
              <Title LCID="1036" Text="Workflows" />
              <Title LCID="1110" Text="Fluxos de traballo" />
              <Title LCID="1037" Text="זרימות עבודה" />
              <Title LCID="1081" Text="कार्य प्रवाह" />
              <Title LCID="1050" Text="Tjekovi rada" />
              <Title LCID="1038" Text="Munkafolyamatok" />
              <Title LCID="1057" Text="Alur Kerja" />
              <Title LCID="1040" Text="Flussi di lavoro" />
              <Title LCID="1041" Text="ワークフロー" />
              <Title LCID="1087" Text="Жұмыс ағындары" />
              <Title LCID="1042" Text="워크플로" />
              <Title LCID="1063" Text="Darbo eigos" />
              <Title LCID="1062" Text="Darbplūsmas" />
              <Title LCID="1086" Text="Aliran Kerja" />
              <Title LCID="1044" Text="Arbeidsflyter" />
              <Title LCID="1043" Text="Werkstromen" />
              <Title LCID="1045" Text="Przepływy pracy" />
              <Title LCID="1046" Text="Fluxos de Trabalho" />
              <Title LCID="2070" Text="Fluxos de Trabalho" />
              <Title LCID="1048" Text="Fluxuri de lucru" />
              <Title LCID="1049" Text="Бизнес-процессы" />
              <Title LCID="1051" Text="Pracovné postupy" />
              <Title LCID="1060" Text="Poteki dela" />
              <Title LCID="10266" Text="Токови посла" />
              <Title LCID="9242" Text="Tokovi posla" />
              <Title LCID="1053" Text="Arbetsflöden" />
              <Title LCID="1054" Text="เวิร์กโฟลว์" />
              <Title LCID="1055" Text="İş Akışları" />
              <Title LCID="1058" Text="Робочі цикли" />
              <Title LCID="1066" Text="Quy trình làm việc" />
              <Title LCID="2052" Text="工作流" />
              <Title LCID="3076" Text="工作流程" />
              <Title LCID="1028" Text="工作流程" />
            </Titles>
          </NavBarByRelationshipItem>
          <NavBarByRelationshipItem RelationshipName="hardcoded_{B7196B13-6B9D-42CD-BD58-B19A3953126F}navProcessSessions" Sequence="9700" Area="ProcessCenter" Id="navProcessSessions" Show="false">
            <Titles>
              <Title LCID="1033" Text="Dialog Sessions" />
              <Title LCID="1025" Text="جلسات عمل الحوار" />
              <Title LCID="1026" Text="Диалогови сесии" />
              <Title LCID="1027" Text="Sessions del diàleg" />
              <Title LCID="1029" Text="Relace dialogů" />
              <Title LCID="1030" Text="Dialogsessioner" />
              <Title LCID="1031" Text="Dialogsitzungen" />
              <Title LCID="1032" Text="Περίοδοι λειτουργίας παραθύρου διαλόγου" />
              <Title LCID="3082" Text="Sesiones de diálogo" />
              <Title LCID="1061" Text="Dialoogiseansid" />
              <Title LCID="1069" Text="Elkarrizketa-saioak" />
              <Title LCID="1035" Text="Dialogi-istunnot" />
              <Title LCID="1036" Text="Sessions de dialogue" />
              <Title LCID="1110" Text="Sesións de diálogo" />
              <Title LCID="1037" Text="הפעלות דו-שיח" />
              <Title LCID="1081" Text="संवाद सत्र" />
              <Title LCID="1050" Text="Sesije dijaloga" />
              <Title LCID="1038" Text="Párbeszéd-munkamenetek" />
              <Title LCID="1057" Text="Sesi Dialog" />
              <Title LCID="1040" Text="Sessioni di interazione" />
              <Title LCID="1041" Text="ダイアログ セッション" />
              <Title LCID="1087" Text="Диалог сеанстары" />
              <Title LCID="1042" Text="대화 세션" />
              <Title LCID="1063" Text="Dialogo seansai" />
              <Title LCID="1062" Text="Dialogu sesijas" />
              <Title LCID="1086" Text="Sesi Dialog" />
              <Title LCID="1044" Text="Dialogøkter" />
              <Title LCID="1043" Text="Dialoogvenstersessies" />
              <Title LCID="1045" Text="Sesje dialogowe" />
              <Title LCID="1046" Text="Sessões de Diálogo" />
              <Title LCID="2070" Text="Sessões de Diálogo" />
              <Title LCID="1048" Text="Sesiuni de dialog" />
              <Title LCID="1049" Text="Сеансы диалогового окна" />
              <Title LCID="1051" Text="Relácie dialógového okna" />
              <Title LCID="1060" Text="Seje dialoga" />
              <Title LCID="10266" Text="Сесије дијалога" />
              <Title LCID="9242" Text="Sesije dijaloga" />
              <Title LCID="1053" Text="Dialogsessioner" />
              <Title LCID="1054" Text="เซสชันของกล่องโต้ตอบ" />
              <Title LCID="1055" Text="Diyalog Oturumları" />
              <Title LCID="1058" Text="Сеанси діалогу" />
              <Title LCID="1066" Text="Phiên hộp thoại" />
              <Title LCID="2052" Text="对话会话" />
              <Title LCID="3076" Text="對話方塊工作階段" />
              <Title LCID="1028" Text="對話方塊工作階段" />
            </Titles>
          </NavBarByRelationshipItem>
        </NavBar>
        <NavBarAreas>
          <NavBarArea Id="Info">
            <Titles>
              <Title LCID="1033" Text="Common" />
            </Titles>
          </NavBarArea>
          <NavBarArea Id="Sales">
            <Titles>
              <Title LCID="1033" Text="Sales" />
            </Titles>
          </NavBarArea>
          <NavBarArea Id="Service">
            <Titles>
              <Title LCID="1033" Text="Service" />
            </Titles>
          </NavBarArea>
          <NavBarArea Id="Marketing">
            <Titles>
              <Title LCID="1033" Text="Marketing" />
            </Titles>
          </NavBarArea>
          <NavBarArea Id="ProcessCenter">
            <Titles>
              <Title LCID="1033" Text="Process Sessions" />
            </Titles>
          </NavBarArea>
        </NavBarAreas>
      </Navigation>
      <controlDescriptions>
        <controlDescription forControl="{3ff9a528-dd50-4aca-8f10-2e5ed73513ad}">
          <customControl formFactor="2" name="MscrmControls.CardFeedContainer.CardFeedContainer">
            <parameters>
              <data-set name="SubGrid">
                <ViewId>{92AFD454-0F2E-4397-A1C8-05E37C6AD699}</ViewId>
                <IsUserView>false</IsUserView>
                <TargetEntityType>actioncard</TargetEntityType>
                <FilteredViewIds>{92AFD454-0F2E-4397-A1C8-05E37C6AfD699}</FilteredViewIds>
                <EnableViewPicker>false</EnableViewPicker>
              </data-set>
              <EntityTypeCode static="true" type="Decimal">2</EntityTypeCode>
              <Location static="true" type="Decimal">1</Location>
              <msinternal.isvisibleinmocaonly static="true">true</msinternal.isvisibleinmocaonly>
            </parameters>
          </customControl>
          <customControl formFactor="0" name="MscrmControls.CardFeedContainer.CardFeedContainer">
            <parameters>
              <data-set name="SubGrid">
                <ViewId>{92AFD454-0F2E-4397-A1C8-05E37C6AD699}</ViewId>
                <IsUserView>false</IsUserView>
                <TargetEntityType>actioncard</TargetEntityType>
                <FilteredViewIds>{92AFD454-0F2E-4397-A1C8-05E37C6AfD699}</FilteredViewIds>
                <EnableViewPicker>false</EnableViewPicker>
              </data-set>
              <EntityTypeCode static="true" type="Decimal">2</EntityTypeCode>
              <Location static="true" type="Decimal">1</Location>
              <msinternal.isvisibleinmocaonly static="true">true</msinternal.isvisibleinmocaonly>
            </parameters>
          </customControl>
          <customControl formFactor="1" name="MscrmControls.CardFeedContainer.CardFeedContainer">
            <parameters>
              <data-set name="SubGrid">
                <ViewId>{92AFD454-0F2E-4397-A1C8-05E37C6AD699}</ViewId>
                <IsUserView>false</IsUserView>
                <TargetEntityType>actioncard</TargetEntityType>
                <FilteredViewIds>{92AFD454-0F2E-4397-A1C8-05E37C6AfD699}</FilteredViewIds>
                <EnableViewPicker>false</EnableViewPicker>
              </data-set>
              <EntityTypeCode static="true" type="Decimal">2</EntityTypeCode>
              <Location static="true" type="Decimal">1</Location>
              <msinternal.isvisibleinmocaonly static="true">true</msinternal.isvisibleinmocaonly>
            </parameters>
          </customControl>
        </controlDescription>
        <controlDescription forControl="{aed13e93-8927-e7e5-cd2a-89788a624929}">
          <customControl id="{4273EDBD-AC1D-40d3-9FB2-095C621B552D}">
            <parameters>
              <datafieldname>lastname</datafieldname>
            </parameters>
          </customControl>
          <customControl formFactor="0" name="dev1_dev1.NetworkView">
            <parameters>
              <configName>lastname</configName>
              <height static="true" type="Whole.None">300</height>
              <configWebresourcePath static="true" type="SingleLine.Text">/WebResources/dev1_/js/NetworkViewDefaultConfig.js</configWebresourcePath>
              <msinternal.isvisibleinmocaonly static="true">true</msinternal.isvisibleinmocaonly>
            </parameters>
          </customControl>
          <customControl formFactor="1" name="dev1_dev1.NetworkView">
            <parameters>
              <configName>lastname</configName>
              <height static="true" type="Whole.None">300</height>
              <configWebresourcePath static="true" type="SingleLine.Text">/WebResources/dev1_/js/NetworkViewDefaultConfig.js</configWebresourcePath>
              <msinternal.isvisibleinmocaonly static="true">true</msinternal.isvisibleinmocaonly>
            </parameters>
          </customControl>
          <customControl formFactor="2" name="dev1_dev1.NetworkView">
            <parameters>
              <configName>lastname</configName>
              <height static="true" type="Whole.None">300</height>
              <configWebresourcePath static="true" type="SingleLine.Text">/WebResources/dev1_/js/NetworkViewDefaultConfig.js</configWebresourcePath>
              <msinternal.isvisibleinmocaonly static="true">true</msinternal.isvisibleinmocaonly>
            </parameters>
          </customControl>
        </controlDescription>
      </controlDescriptions>
      <footer id="{b4ca720f-5326-4441-81eb-44291f4aa1a3}" celllabelposition="Top" columns="111" labelwidth="115" celllabelalignment="Left">
        <rows>
          <row>
            <cell id="{a37b5ef4-6901-42c7-b5e2-560c188c509d}" showlabel="false" labelid="{aa6bcb25-cf34-4ac0-abf6-1339c6f54a7e}">
              <labels>
                <label description="" languagecode="1033" />
              </labels>
            </cell>
            <cell id="{6e4b166e-cc1f-4bdf-97d6-534716a3af7a}" showlabel="false" labelid="{e070e74b-cce6-4d71-953e-cd9ce0f14a80}">
              <labels>
                <label description="" languagecode="1033" />
              </labels>
            </cell>
            <cell id="{c94ddbc4-8628-4468-8892-e15029dacd81}" showlabel="false" labelid="{851afd05-5074-43a5-86dc-03977700df88}">
              <labels>
                <label description="" languagecode="1033" />
              </labels>
            </cell>
          </row>
        </rows>
      </footer>
      <DisplayConditions FallbackForm="true" Order="2">
        <Role Id="{627090ff-40a3-4053-8790-584edc5be201}" />
        <Role Id="{119f245c-3cc8-4b62-b31c-d1a046ced15d}" />
      </DisplayConditions>
    </form>
    <IsCustomizable>1</IsCustomizable>
    <CanBeDeleted>1</CanBeDeleted>
    <LocalizedNames>
      <LocalizedName description="NetworkView" languagecode="1033" />
    </LocalizedNames>
    <Descriptions>
      <Description description="NetworkView Form" languagecode="1033" />
    </Descriptions>
  </systemform>
</forms>